{
  "display": {
    "icon": {
      "id": "minecraft:chest"
    },
    "title": {
      "text": "Hat Enthusiast",
      "color": "light_purple"
    },
    "description": {
      "text": "Collect one hat of every rarity"
    },
    "frame": "goal",
    "show_toast": true,
    "announce_to_chat": true
  },
  "parent": "townshipsmp:hats/root",
  "criteria": {
    "common_arrow": {
      "trigger": "minecraft:inventory_changed",
      "conditions": {
        "items": [{"items": "minecraft:paper", "components": {"minecraft:custom_model_data": {"strings":["arrow"]}}}]
      }
    },
    "common_straw": {
      "trigger": "minecraft:inventory_changed",
      "conditions": {
        "items": [{"items": "minecraft:paper", "components": {"minecraft:custom_model_data": {"strings":["straw"]}}}]
      }
    },
    "uncommon_flower": {
      "trigger": "minecraft:inventory_changed",
      "conditions": {
        "items": [{"items": "minecraft:paper", "components": {"minecraft:custom_model_data": {"strings":["flower"]}}}]
      }
    },
    "rare_goggles": {
      "trigger": "minecraft:inventory_changed",
      "conditions": {
        "items": [{"items": "minecraft:paper", "components": {"minecraft:custom_model_data": {"strings":["goggles"]}}}]
      }
    },
    "rare_steampunk": {
      "trigger": "minecraft:inventory_changed",
      "conditions": {
        "items": [{"items": "minecraft:paper", "components": {"minecraft:custom_model_data": {"strings":["steampunk"]}}}]
      }
    },
    "rare_witch": {
      "trigger": "minecraft:inventory_changed",
      "conditions": {
        "items": [{"items": "minecraft:paper", "components": {"minecraft:custom_model_data": {"strings":["witch"]}}}]
      }
    },
    "epic_knight": {
      "trigger": "minecraft:inventory_changed",
      "conditions": {
        "items": [{"items": "minecraft:paper", "components": {"minecraft:custom_model_data": {"strings":["knight"]}}}]
      }
    },
    "epic_tophat": {
      "trigger": "minecraft:inventory_changed",
      "conditions": {
        "items": [{"items": "minecraft:paper", "components": {"minecraft:custom_model_data": {"strings":["top_hat"]}}}]
      }
    }
  },
  "requirements": [
    ["common_arrow", "common_straw"],
    ["uncommon_flower"],
    ["rare_goggles", "rare_steampunk", "rare_witch"],
    ["epic_knight", "epic_tophat"]
  ],
  "rewards": {
    "experience": 200
  }
}
