{
  "display": {
    "icon": {
      "id": "minecraft:gold_ingot"
    },
    "title": {
      "text": "Moneybags",
      "color": "gold"
    },
    "description": {
      "text": "Obtain the Top Hat with Monocle"
    },
    "frame": "goal",
    "show_toast": true,
    "announce_to_chat": true
  },
  "parent": "townshipsmp:hats/root",
  "criteria": {
    "top_hat": {
      "trigger": "minecraft:inventory_changed",
      "conditions": {
        "items": [{"items": "minecraft:paper", "components": {"minecraft:custom_model_data": {"strings":["top_hat"]}}}]
      }
    }
  },
  "rewards": {
    "experience": 100
  }
}
