{
  "display": {
    "icon": {
      "id": "minecraft:paper"
    },
    "title": {
      "text": "Hat Collector",
      "color": "yellow"
    },
    "description": {
      "text": "Obtain your first TownshipSMP hat"
    },
    "frame": "task",
    "show_toast": true,
    "announce_to_chat": true,
    "background": "minecraft:gui/advancements/backgrounds/adventure"
  },
  "criteria": {
    "top_hat": {"trigger": "minecraft:inventory_changed", "conditions": {"items": [{"items": "minecraft:paper", "components": {"minecraft:custom_model_data": {"strings":["top_hat"]}}}]}},
    "arrow": {"trigger": "minecraft:inventory_changed", "conditions": {"items": [{"items": "minecraft:paper", "components": {"minecraft:custom_model_data": {"strings":["arrow"]}}}]}},
    "flower": {"trigger": "minecraft:inventory_changed", "conditions": {"items": [{"items": "minecraft:paper", "components": {"minecraft:custom_model_data": {"strings":["flower"]}}}]}},
    "knight": {"trigger": "minecraft:inventory_changed", "conditions": {"items": [{"items": "minecraft:paper", "components": {"minecraft:custom_model_data": {"strings":["knight"]}}}]}},
    "goggles": {"trigger": "minecraft:inventory_changed", "conditions": {"items": [{"items": "minecraft:paper", "components": {"minecraft:custom_model_data": {"strings":["goggles"]}}}]}},
    "steampunk": {"trigger": "minecraft:inventory_changed", "conditions": {"items": [{"items": "minecraft:paper", "components": {"minecraft:custom_model_data": {"strings":["steampunk"]}}}]}},
    "straw": {"trigger": "minecraft:inventory_changed", "conditions": {"items": [{"items": "minecraft:paper", "components": {"minecraft:custom_model_data": {"strings":["straw"]}}}]}},
    "witch": {"trigger": "minecraft:inventory_changed", "conditions": {"items": [{"items": "minecraft:paper", "components": {"minecraft:custom_model_data": {"strings":["witch"]}}}]}}
  },
  "requirements": [["top_hat", "arrow", "flower", "knight", "goggles", "steampunk", "straw", "witch"]],
  "rewards": {
    "experience": 50
  }
}
