{
  "display": {
    "icon": {
      "id": "minecraft:dragon_head"
    },
    "title": {
      "text": "Hat Master",
      "color": "gold"
    },
    "description": {
      "text": "Collect all 8 standard hats"
    },
    "frame": "challenge",
    "show_toast": true,
    "announce_to_chat": true
  },
  "parent": "townshipsmp:hats/collector",
  "criteria": {
    "top_hat": {
      "trigger": "minecraft:inventory_changed",
      "conditions": {
        "items": [{"items": "minecraft:paper", "components": {"minecraft:custom_model_data": {"strings":["top_hat"]}}}]
      }
    },
    "arrow": {
      "trigger": "minecraft:inventory_changed",
      "conditions": {
        "items": [{"items": "minecraft:paper", "components": {"minecraft:custom_model_data": {"strings":["arrow"]}}}]
      }
    },
    "flower": {
      "trigger": "minecraft:inventory_changed",
      "conditions": {
        "items": [{"items": "minecraft:paper", "components": {"minecraft:custom_model_data": {"strings":["flower"]}}}]
      }
    },
    "knight": {
      "trigger": "minecraft:inventory_changed",
      "conditions": {
        "items": [{"items": "minecraft:paper", "components": {"minecraft:custom_model_data": {"strings":["knight"]}}}]
      }
    },
    "goggles": {
      "trigger": "minecraft:inventory_changed",
      "conditions": {
        "items": [{"items": "minecraft:paper", "components": {"minecraft:custom_model_data": {"strings":["goggles"]}}}]
      }
    },
    "steampunk": {
      "trigger": "minecraft:inventory_changed",
      "conditions": {
        "items": [{"items": "minecraft:paper", "components": {"minecraft:custom_model_data": {"strings":["steampunk"]}}}]
      }
    },
    "straw": {
      "trigger": "minecraft:inventory_changed",
      "conditions": {
        "items": [{"items": "minecraft:paper", "components": {"minecraft:custom_model_data": {"strings":["straw"]}}}]
      }
    },
    "witch": {
      "trigger": "minecraft:inventory_changed",
      "conditions": {
        "items": [{"items": "minecraft:paper", "components": {"minecraft:custom_model_data": {"strings":["witch"]}}}]
      }
    }
  },
  "rewards": {
    "experience": 500
  }
}
