{
  "display": {
    "icon": {"id": "minecraft:nether_star"},
    "title": {"text": "Year-Round Collector", "color": "gold"},
    "description": {"text": "Collect all four seasonal hats"},
    "frame": "challenge",
    "show_toast": true,
    "announce_to_chat": true
  },
  "parent": "townshipsmp:seasonal/root",
  "criteria": {
    "halloween": {"trigger": "minecraft:inventory_changed", "conditions": {"items": [{"items": "minecraft:paper", "components": {"minecraft:custom_model_data": {"strings":["halloween"]}}}]}},
    "christmas": {"trigger": "minecraft:inventory_changed", "conditions": {"items": [{"items": "minecraft:paper", "components": {"minecraft:custom_model_data": {"strings":["christmas"]}}}]}},
    "valentine": {"trigger": "minecraft:inventory_changed", "conditions": {"items": [{"items": "minecraft:paper", "components": {"minecraft:custom_model_data": {"strings":["valentine"]}}}]}},
    "easter": {"trigger": "minecraft:inventory_changed", "conditions": {"items": [{"items": "minecraft:paper", "components": {"minecraft:custom_model_data": {"strings":["easter"]}}}]}}
  },
  "rewards": {"experience": 500}
}
