{
  "display": {
    "icon": {"id": "minecraft:red_wool"},
    "title": {"text": "Ho Ho Ho!", "color": "red"},
    "description": {"text": "Obtain the Santa Hat during Christmas"},
    "frame": "goal",
    "show_toast": true,
    "announce_to_chat": true,
    "hidden": true
  },
  "parent": "townshipsmp:seasonal/root",
  "criteria": {
    "christmas": {"trigger": "minecraft:inventory_changed", "conditions": {"items": [{"items": "minecraft:paper", "components": {"minecraft:custom_model_data": {"strings":["christmas"]}}}]}}
  },
  "rewards": {"experience": 100}
}
