{
  "display": {
    "icon": {"id": "minecraft:rabbit_foot"},
    "title": {"text": "Hoppy Days", "color": "white"},
    "description": {"text": "Obtain the Bunny Ears during Easter"},
    "frame": "goal",
    "show_toast": true,
    "announce_to_chat": true,
    "hidden": true
  },
  "parent": "townshipsmp:seasonal/root",
  "criteria": {
    "easter": {"trigger": "minecraft:inventory_changed", "conditions": {"items": [{"items": "minecraft:paper", "components": {"minecraft:custom_model_data": {"strings":["easter"]}}}]}}
  },
  "rewards": {"experience": 100}
}
