{
  "display": {
    "icon": {"id": "minecraft:sunflower"},
    "title": {"text": "Seasonal Collector", "color": "gold"},
    "description": {"text": "Obtain your first seasonal hat"},
    "frame": "task",
    "show_toast": true,
    "announce_to_chat": true,
    "background": "minecraft:gui/advancements/backgrounds/adventure"
  },
  "criteria": {
    "halloween": {"trigger": "minecraft:inventory_changed", "conditions": {"items": [{"items": "minecraft:paper", "components": {"minecraft:custom_model_data": {"strings":["halloween"]}}}]}},
    "christmas": {"trigger": "minecraft:inventory_changed", "conditions": {"items": [{"items": "minecraft:paper", "components": {"minecraft:custom_model_data": {"strings":["christmas"]}}}]}},
    "valentine": {"trigger": "minecraft:inventory_changed", "conditions": {"items": [{"items": "minecraft:paper", "components": {"minecraft:custom_model_data": {"strings":["valentine"]}}}]}},
    "easter": {"trigger": "minecraft:inventory_changed", "conditions": {"items": [{"items": "minecraft:paper", "components": {"minecraft:custom_model_data": {"strings":["easter"]}}}]}}
  },
  "requirements": [["halloween", "christmas", "valentine", "easter"]],
  "rewards": {"experience": 50}
}
