{
  "display": {
    "icon": {"id": "minecraft:pink_dye"},
    "title": {"text": "Lovestruck", "color": "red"},
    "description": {"text": "Obtain the Heart Crown during Valentine's Day"},
    "frame": "goal",
    "show_toast": true,
    "announce_to_chat": true,
    "hidden": true
  },
  "parent": "townshipsmp:seasonal/root",
  "criteria": {
    "valentine": {"trigger": "minecraft:inventory_changed", "conditions": {"items": [{"items": "minecraft:paper", "components": {"minecraft:custom_model_data": {"strings":["valentine"]}}}]}}
  },
  "rewards": {"experience": 100}
}
