{
  "display": {
    "icon": {
      "id": "minecraft:gold_nugget"
    },
    "title": {
      "text": "Fortune's Favor",
      "color": "yellow"
    },
    "description": {
      "text": "Obtain a Lucky Coin"
    },
    "frame": "goal",
    "show_toast": true,
    "announce_to_chat": true,
    "hidden": true
  },
  "parent": "townshipsmp:secrets/root",
  "criteria": {
    "coin": {
      "trigger": "minecraft:inventory_changed",
      "conditions": {
        "items": [{"items": "minecraft:paper", "components": {"minecraft:custom_model_data": {"strings":["coin"]}}}]
      }
    }
  },
  "rewards": {
    "experience": 250
  }
}
