{
  "display": {
    "icon": {
      "id": "minecraft:ender_eye"
    },
    "title": {
      "text": "Secrets of TownshipSMP",
      "color": "dark_purple"
    },
    "description": {
      "text": "Discover a hidden treasure..."
    },
    "frame": "task",
    "show_toast": true,
    "announce_to_chat": true,
    "hidden": true,
    "background": "minecraft:gui/advancements/backgrounds/end"
  },
  "criteria": {
    "excalibur": {"trigger": "minecraft:inventory_changed", "conditions": {"items": [{"items": "minecraft:paper", "components": {"minecraft:custom_model_data": {"strings":["excalibur"]}}}]}},
    "coin": {"trigger": "minecraft:inventory_changed", "conditions": {"items": [{"items": "minecraft:paper", "components": {"minecraft:custom_model_data": {"strings":["coin"]}}}]}}
  },
  "requirements": [["excalibur", "coin"]]
}
