{
  "display": {
    "icon": {
      "id": "minecraft:amethyst_shard"
    },
    "title": {
      "text": "Supporter",
      "color": "light_purple"
    },
    "description": {
      "text": "Become a Discord Booster"
    },
    "frame": "goal",
    "show_toast": true,
    "announce_to_chat": true,
    "hidden": true
  },
  "parent": "townshipsmp:secrets/root",
  "criteria": {
    "amethyst_mask": {
      "trigger": "minecraft:inventory_changed",
      "conditions": {
        "items": [{"items": "minecraft:paper", "components": {"minecraft:custom_model_data": {"strings":["amethyst_mask"]}}}]
      }
    }
  },
  "rewards": {
    "experience": 500
  }
}
