{
  "display": {
    "icon": {"id": "minecraft:carved_pumpkin"},
    "title": {"text": "Spooky Season", "color": "gold"},
    "description": {"text": "Obtain the Pumpkin Head during Halloween"},
    "frame": "goal",
    "show_toast": true,
    "announce_to_chat": true,
    "hidden": true
  },
  "parent": "townshipsmp:seasonal/root",
  "criteria": {
    "halloween": {"trigger": "minecraft:inventory_changed", "conditions": {"items": [{"items": "minecraft:paper", "components": {"minecraft:custom_model_data": {"strings":["halloween"]}}}]}}
  },
  "rewards": {"experience": 100}
}
