{
  "display": {
    "icon": {
      "id": "minecraft:diamond_sword"
    },
    "title": {
      "text": "The Sword in the Stone",
      "color": "gold"
    },
    "description": {
      "text": "Obtain the legendary Excalibur"
    },
    "frame": "challenge",
    "show_toast": true,
    "announce_to_chat": true,
    "hidden": true
  },
  "parent": "townshipsmp:secrets/root",
  "criteria": {
    "excalibur": {
      "trigger": "minecraft:inventory_changed",
      "conditions": {
        "items": [{"items": "minecraft:paper", "components": {"minecraft:custom_model_data": {"strings":["excalibur"]}}}]
      }
    }
  },
  "rewards": {
    "experience": 1000
  }
}
