{
  "display": {
    "icon": {
      "id": "minecraft:gold_ingot"
    },
    "title": {
      "text": "Hail to the Chief",
      "color": "gold"
    },
    "description": {
      "text": "Become the Mayor of Your Town"
    },
    "frame": "goal",
    "show_toast": true,
    "announce_to_chat": true,
    "hidden": true
  },
  "parent": "townshipsmp:secrets/root",
  "criteria": {
    "crown": {
      "trigger": "minecraft:inventory_changed",
      "conditions": {
        "items": [{"items": "minecraft:paper", "components": {"minecraft:custom_model_data": {"strings":["crown"]}}}]
      }
    }
  },
  "rewards": {
    "experience": 500
  }
}
